Employee_Name,Employee_EmailID,Secret_Child_Name,Secret_Child_EmailID
Alice Smith,alice@example.com,Emma Brown,emma@example.com
Bob Johnson,bob@example.com,Carol Lee,carol@example.com
Carol Lee,carol@example.com,David Patel,david@example.com
David Patel,david@example.com,Alice Smith,alice@example.com
Emma Brown,emma@example.com,Bob Johnson,bob@example.com
